rank,title,singer,cnt,year
1,4집 미인아 (BONAMANA),슈퍼주니어 (Super Junior),200193,2010
2,2집 Oh!,소녀시대,197934,2010
3,`훗(Hoot)` The 3rd Mini Album,소녀시대,163066,2010
4,`Run Devil Run` The 2nd Album (Repackage),소녀시대,136851,2010
5,GD & TOP,"GD, TOP (빅뱅)",130000,2010
6,Lucifer,샤이니 (SHINee),124961,2010
7,1집 To Anyone,2NE1,122845,2010
8,The Beginning,JYJ,99903,2010
9,The 4th Album Repackage `미인아`,슈퍼주니어 (Super Junior),99355,2010
10,The Beginning (New Limited Edition),JYJ,98311,2010
11,The Beginning (Luxury Package),JYJ,92649,2010
12,Mini Album 1집 `Bluetory`,씨엔블루 (CNBLUE),77183,2010
13,성균관 스캔들 OST,Various Artists,76951,2010
14,Still 2:00pm (EP),2PM,72966,2010
15,2nd Mini Album `Bluelove`,씨엔블루 (CNBLUE),71468,2010
16,3rd Mini Album `루팡 (Lupin)`,카라 (KARA),64782,2010
17,`Hello` SHINee The 2nd Album Repackage,샤이니 (SHINee),63118,2010
18,Mini Album Destination,SS501,61918,2010
19,Shock Of The New Era,비스트 (Beast),59868,2010
20,3rd Single Don`t Stop Can`t Stop,2PM,57873,2010
21,Mini Album `죽어도 못 보내`,2am,57488,2010
22,6집 Hurricane Venus,보아 (BoA),55776,2010
23,Mastermind,비스트 (Beast),55674,2010
24,Lights Go On Again,비스트 (Beast),54243,2010
25,미남이시네요 OST,Various Artists,54117,2010
26,Back To The Basic,비,53584,2010
27,미남이시네요 OST Part 2,Various Artists,47860,2010
28,2nd Mini Album `Beautiful Journey`,F.T Island,45294,2010
29,The 1st Asia Tour Concert `Into The New World`,소녀시대,44999,2010
30,Saint O`clock,2am,42707,2010
31,1집 1:59PM,2PM,42306,2010
32,믿어줄래,박재범,41316,2010
33,3집 O -正.反.合. (정반합),동방신기,41108,2010
34,2NE1 1st Mini Album,2NE1,40949,2010
35,Breaking Heart (Repackage),티아라 (T-ara),40695,2010
36,7집 풍류,DJ DOC,40571,2010
37,점핑 (Jumping),카라 (Kara),39580,2010
38,잘못했어,2am,37004,2010
39,1집 Solar,태양,36444,2010
40,2집 Revolution,카라 (KARA),36418,2010
41,콘서트 라이브앨범 `Shine A Light`,G-Dragon,35604,2010
42,Browneyed Soul,브라운 아이드 소울 (Brown Eyed Soul),34072,2010
43,Real,아이유 (IU),33953,2010
44,1집 Heartbreaker,G-Dragon,33453,2010
45,Group Of 20: Let`S Go!,Various Artists,31954,2010
46,4집 H-Logic,이효리,31756,2010
47,1집 Day Off,Verandah Project,31400,2010
48,Gee,소녀시대,31087,2010
49,DIVA : The Singles Collection,Sarah Brightman,30960,2010
50,소원을 말해봐 (Genie),소녀시대,29968,2010
51,2 Different Tears,원더걸스 (Wonder Girls),28594,2010
52,BIGSHOW 2010 VOL.5: BIGBANG LIVE CONCERT,BIGBANG (빅뱅),28283,2010
53,3집 Heart & Soul,바비 킴 (Bobby Kim),27361,2010
54,NU 예삐오 (NU ABO),f(x),27281,2010
55,1집 Baby Baby (Repackage),소녀시대,27154,2010
56,Solar (Deluxe Edition),태양,26979,2010
57,사랑 참 어렵다 (이승철 10th 리패키지),이승철,26219,2010
58,에필로그 (Epilogue),에픽하이 (Epik High),25988,2010
59,2nd Single `Y`,엠블랙 (MBLAQ),25944,2010
60,Beast Is The B2ST,비스트 (Beast),25364,2010
61,사랑,이적,25010,2010
62,1집 소녀시대,소녀시대,24802,2010
63,Digital Bounce (EP),세븐,24604,2010
64,4집 Vibe In Praha,바이브 (Vibe),23995,2010
65,4집 The Fourth Album `Mirotic`,동방신기,23882,2010
66,2nd Mini Album `Hit Your Heart`,4Minute (포미닛),23218,2010
67,`너무 그리워` S.M. The Ballad Vol.1,S.M. The Ballad,23162,2010
68,RealSlow Is Back,휘성,22466,2010
69,Time To Shine,초신성,22411,2010
70,Saint O`clock,2am,21464,2010
71,Solar (인터내셔널 릴리즈 앨범),태양,21182,2010
72,Best Selection 2010 (CD Ver.),동방신기,21089,2010
73,1집 Only One Album,유키스 (U-Kiss),20911,2010
74,"`2009, Year Of Us` The Third Mini Album",샤이니 (SHINee),20727,2010
75,Christmas Gift From 東方神起,동방신기,20637,2010
76,4번째 응원 앨범 `The shouts of Reds`,붉은악마,20000,2010
77,6집 Eleventh Story / 이 사람이다,김종국,19926,2010
78,SG Wannabe 7 Part 1,SG 워너비,19642,2010
79,Break Time (EP),유키스 (U-Kiss),19583,2010
80,Remember,BIGBANG (빅뱅),19186,2010
81,5집 PSYFIVE (싸이파이브),싸이 (Psy),18804,2010
82,10집 Dreamizer,이승환,18371,2010
83,Vol.2 Temptastic (EP),티아라 (T-ara),17645,2010
84,The 3rd Asia Tour Concert `Mirotic` Live Album,동방신기,17641,2010
85,Supremier,슈프림팀 (Supreme Team),17432,2010
86,Just Blaq,엠블랙 (MBLAQ),17020,2010
87,매리는 외박중 OST Part 1,Various Artists,17014,2010
88,일 더하기 삼,박상민,17000,2010
89,The 3rd Generation Special Album / 못해,포맨 (4Men),16976,2010
90,Shadow (Repackage),이승기,16755,2010
91,3rd Mini Album `Innocence`,다비치,16749,2010
92,20th Anniversary - Best Collection & Tribute Album,신승훈,16469,2010
93,Merry Christmas II You,Mariah Carey,16245,2010
94,시소,뜨거운 감자,16202,2010
95,Gift Part 2,박효신,16181,2010
96,뱅 (Bang)!,애프터스쿨 (After School),15914,2010
97,Honey (Special Edition),카라 (KARA),15824,2010
98,1집 Blooming,카라 (KARA),15513,2010
99,시크릿 가든 OST,Various Artists,15015,2010
100,아이리스 OST (일본발매),Various Artists,15000,2010
1,The Boys,소녀시대,385348,2011
2,5집 Mr. Simple,슈퍼주니어 (Super Junior),343348,2011
3,`왜(Keep Your Head Down)` New Album,동방신기,263412,2011
4,2집 In Heaven,JYJ,220442,2011
5,1집 Fiction And Fact,비스트 (Beast),142272,2011
6,빅뱅 미니앨범 4집,BIGBANG (빅뱅),136594,2011
7,The 5th Album Repackage A-CHA,슈퍼주니어 (Super Junior),129894,2011
8,1집 First Step,씨엔블루 (CNBLUE),115467,2011
9,Break Down (EP),김현중,114642,2011
10,Lucky (2nd Mini Album),김현중,101705,2011
11,3집 Step,카라 (Kara),100662,2011
12,Hands Up,2PM,100379,2011
13,빅뱅 스페셜에디션,BIGBANG (빅뱅),89371,2011
14,2NE1 2nd Mini Album,2NE1,85819,2011
15,2집 Last Fantasy,아이유 (IU),71860,2011
16,무한도전 서해안고속도로,Various Artists,71300,2011
17,Take A Deeper Look,박재범,66316,2011
18,In Heaven (Special Edition),JYJ,62790,2011
19,1집 `피노키오` f(x) The 1st Album,f(x),61637,2011
20,왜 (Keep Your Head Down) Repackage `이것만은 알고 가`,동방신기,60205,2011
21,5집 Tonight,이승기,60055,2011
22,박칼린의 칼린 셀렉츠 (Kolleen Selects),Various Artists,58734,2011
23,정규1집 OVER THE TOP,인피니트 (Infinite),57111,2011
24,미남이시네요 OST,Various Artists,56984,2011
25,Paradise,인피니트 (Infinite),56465,2011
26,RETURN (EP),FTISLAND (FT 아일랜드),52932,2011
27,미남이시네요 OST Part 2,Various Artists,51556,2011
28,Black Eyes,티아라 (T-ara),48205,2011
29,시크릿 가든 OST Special,Various Artists,47823,2011
30,The 1st Asia Tour Concert `Into The New World`,소녀시대,46568,2011
31,`Hot Summer` f(x) 1st Album Repackage,f(x),46032,2011
32,2011 SMTOWN Winter `The Warmest Gift`,SM Town,44467,2011
33,Real,아이유 (IU),42879,2011
34,1st Mini Album V.V.I.P,승리,41812,2011
35,Mona Lisa,엠블랙 (MBLAQ),41025,2011
36,7집 처음,성시경,40742,2011
37,나는 가수다 경연 1 (CD),Various Artists,39297,2011
38,SuperJunior-M 2nd Mini Album `太完美`,슈퍼주니어-M (Super Junior-M),37756,2011
39,it B1A4,비원에이포 (B1A4),36342,2011
40,Memory In FTIsland (ReMake Album),FTISLAND (FT 아일랜드),36143,2011
41,GD & TOP,"GD, TOP (빅뱅)",34703,2011
42,2집 Wonder World,원더걸스 (Wonder Girls),34140,2011
43,4Minutes Left,4Minute (포미닛),34004,2011
44,`Run Devil Run` The 2nd Album (Repackage),소녀시대,32147,2011
45,Let It Go (EP),허영생,32078,2011
46,1집 A Class,miss A,31885,2011
47,1집 BLAQ Style,엠블랙 (MBLAQ),31634,2011
48,First Step ＋1 Thank You,씨엔블루 (CNBLUE),31447,2011
49,1집 To Anyone,2NE1,31362,2011
50,The 3rd Asia Tour Concert Album `Super Show 3`,슈퍼주니어 (Super Junior),30951,2011
51,Inspirit,인피니트 (Infinite),30143,2011
52,존트라볼타 워너비,티아라 (T-ara),30116,2011
53,2nd Mini Album `Bluelove`,씨엔블루 (CNBLUE),29665,2011
54,Trouble Maker,트러블메이커,29383,2011
55,Evolution,인피니트 (Infinite),28143,2011
56,AsuRa BalBalTa,리쌍,27755,2011
57,KimdongrYULE,김동률,27724,2011
58,성균관 스캔들 OST,Various Artists,27224,2011
59,1집 Virgin,애프터스쿨 (After School),26418,2011
60,`Hello` SHINee The 2nd Album Repackage,샤이니 (SHINee),26300,2011
61,넌 내게 반했어 OST Part 1,Various Artists,26160,2011
62,2011 빅뱅 콘서트 라이브 앨범 `Big Show`,BIGBANG (빅뱅),25834,2011
63,The Beginning (Worldwide Concert In Seoul Edition),JYJ,25713,2011
64,드림하이 OST,Various Artists,25347,2011
65,4집 Sixth Sense,브라운아이드걸스,25239,2011
66,Mini Album 1집 `Bluetory`,씨엔블루 (CNBLUE),24889,2011
67,Roly-Poly in 코파카바나 (미니 리패키지),티아라 (T-ara),24179,2011
68,보스를 지켜라 OST,Various Artists,23955,2011
69,3rd Mini Plus Album Real+,아이유 (IU),23508,2011
70,"서바이벌 나는 가수다 (경연 1, 2)",Various Artists,23084,2011
71,Let`s Fly,비원에이포 (B1A4),22895,2011
72,Super Junior-M 2nd Mini Album `太完美` (Repackage),슈퍼주니어-M (Super Junior-M),22352,2011
73,So 女,레인보우 (Rainbow),21900,2011
74,Don't Touch My Girl (Single),보이프렌드 (Boyfriend),21106,2011
75,New Kids On The Block,블락비 (Block B),21091,2011
76,2집 Oh!,소녀시대,20588,2011
77,Bran New Kiss (EP),유키스 (U-Kiss),20216,2011
78,매리는 외박중 OST Part 1,Various Artists,19979,2011
79,Lights Go On Again,비스트 (Beast),19894,2011
80,Shock Of The New Era,비스트 (Beast),19487,2011
81,미스 리플리 OST,Various Artists,19248,2011
82,Roman,틴 탑 (Teen Top),19231,2011
83,Vol.2 Temptastic (EP),티아라 (T-ara),18978,2011
84,1집 So Cool,씨스타 (Sistar),18815,2011
85,Turn Me On,김규종,18735,2011
86,BLAQ Style 3D Edition,엠블랙 (MBLAQ),18533,2011
87,점핑 (Jumping),카라 (Kara),18475,2011
88,`훗(Hoot)` The 3rd Mini Album,소녀시대,17759,2011
89,매리는 외박중 OST Part 2,Various Artists,17610,2011
90,Feel Brand New (EP),이루 (ERU),17516,2011
91,세시봉 친구들 (3CD),"송창식, 윤형주, 김세환",17465,2011
92,Not Alone (Single),박정민,17450,2011
93,여인의 향기 OST,Various Artists,17308,2011
94,내가 갈게 (I'll be there),보이프렌드 (Boyfriend),16999,2011
95,Lights Go On Again (Deluxe Special Asian Edition),비스트 (Beast),16891,2011
96,1집 Moving In Secret,시크릿 (Secret),16619,2011
97,2011 마커스 라이브 워십,마커스,16520,2011
98,3집 O -正.反.合. (정반합),동방신기,15827,2011
99,2집 Revolution,카라 (KARA),15759,2011
100,시크릿 가든 OST,Various Artists,15747,2011
1,"6집 Sexy, Free & Single",슈퍼주니어 (Super Junior),356431,2012
2,Alive,BIGBANG (빅뱅),266848,2012
3,6집 Catch Me,동방신기,256447,2012
4,One Of A Kind,G-Dragon,204326,2012
5,`Sherlock` SHINee The 4th Mini Album,샤이니 (SHINee),181415,2012
6,SPECIAL EDITION `STILL ALIVE`,BIGBANG (빅뱅),148030,2012
7,`MAMA` EXO-K The 1st Mini Album,EXO-K,145925,2012
8,`Twinkle` Mini Album,소녀시대-태티서 (Girls` Generation-TTS),144222,2012
9,Midnight Sun,비스트 (Beast),144175,2012
10,Infinitize,인피니트 (Infinite),140277,2012
11,버스커 버스커 1집,버스커 버스커 (Busker Busker),136234,2012
12,Tarantallegra,XIA (준수),127620,2012
13,`SPY` The 6th Album Repackage,슈퍼주니어 (Super Junior),124191,2012
14,3rd Mini Album Ear Fun,씨엔블루 (CNBLUE),122515,2012
15,6집 싸이6甲 Part 1,싸이 (Psy),106594,2012
16,`MAMA` EXO-M The 1st Mini Album,EXO-M,87553,2012
17,10집 The Return,신화,83058,2012
18,Humanoids (Repackage),동방신기,80386,2012
19,1집 New Breed,박재범,76829,2012
20,Funky Town,티아라 (T-ara),76749,2012
21,`Electric Shock` The 2nd Mini Album,f(x),74694,2012
22,Another Me,김성규,70552,2012
23,Pandora,카라 (Kara),70425,2012
24,"23, Male, Single",장우영 (2PM),68462,2012
25,It`s,틴 탑 (Teen Top),65269,2012
26,In The Wind,비원에이포 (B1A4),63664,2012
27,Grown-Up,FTISLAND (FT 아일랜드),60891,2012
28,Uncommitted,XIA (준수),60000,2012
29,MBLAQ 4th Mini Album `100%Ver.`,엠블랙 (MBLAQ),58175,2012
30,Volume Up,4Minute (포미닛),56174,2012
31,The First Collage,양요섭 (비스트),53754,2012
32,4집 Five Treasure Box,FTISLAND (FT 아일랜드),53439,2012
33,The Boys,소녀시대,52863,2012
34,The B1A4Ⅰ`IGNITION` Special Edition,비원에이포 (B1A4),52562,2012
35,1집 The B1A4Ⅰ(IGNITION),비원에이포 (B1A4),50733,2012
36,aRtisT,틴 탑 (Teen Top),45979,2012
37,형돈이와 대준이 미니 3집/닭크 껭스타(CD),형돈이와 대준이,44496,2012
38,2집 Last Fantasy,아이유 (IU),43137,2012
39,The 5th Album Repackage A-CHA,슈퍼주니어 (Super Junior),41207,2012
40,Day By Day,티아라 (T-ara),40928,2012
41,Paradise,인피니트 (Infinite),40744,2012
42,Principle Of My Soul,나얼,39376,2012
43,1집 Blockbuster,블락비 (Block B),39130,2012
44,1집 마무리,버스커 버스커 (Busker Busker),38310,2012
45,Warrior,B.A.P,34882,2012
46,7집 Only One,보아 (BoA),34255,2012
47,Welcome To The Block,블락비 (Block B),33925,2012
48,스무 살의 봄,아이유 (IU),33486,2012
49,Power,B.A.P,33255,2012
50,F.Scott Fitzgerald's Way Of Love,2am,32553,2012
51,Mirage,티아라 (T-ara),32155,2012
52,The 1st Asia Tour Concert Album `SHINee World`,샤이니 (SHINee),31958,2012
53,야누스,보이프렌드 (Boyfriend),29480,2012
54,5집 Mr. Simple,슈퍼주니어 (Super Junior),29174,2012
55,99,에픽하이 (EPIK HIGH),27887,2012
56,Wonder Party,원더걸스 (Wonder Girls),27201,2012
57,5집 Slip Away,넬 (Nell),26143,2012
58,Love Style,보이프렌드 (Boyfriend),24732,2012
59,사랑비 OST,Various Artists,24520,2012
60,넌 내게 반했어 OST Part 1,Various Artists,24199,2012
61,Winter Poetry,신혜성 (신화),24102,2012
62,All Night (EP),백청강,23300,2012
63,MBLAQ 4th Mini Album 'BLAQ%Ver.',엠블랙 (MBLAQ),23300,2012
64,Face (Single),뉴이스트 (NU`EST),23108,2012
65,1집 Une Annee,에이핑크 (Apink),22804,2012
66,No Mercy,B.A.P,22585,2012
67,미니앨범 Ulala Sensation,울랄라세션,22316,2012
68,하지마,B.A.P,21639,2012
69,Touch,miss A,21613,2012
70,베스트앨범 2PM Member's Selection,2PM,21183,2012
71,Evolution,인피니트 (Infinite),21159,2012
72,숲,이승기,20882,2012
73,Action,뉴이스트 (NU`EST),20770,2012
74,Summer Special `Loving U`,씨스타 (Sistar),19296,2012
75,1집 First Step,씨엔블루 (CNBLUE),19265,2012
76,Knock (EP),존 박,18741,2012
77,2NE1 2nd Mini Album,2NE1,18416,2012
78,Inspirit,인피니트 (Infinite),18165,2012
79,김광석 Best,김광석,17948,2012
80,1집 Fiction And Fact,비스트 (Beast),17912,2012
81,Alone,씨스타 (Sistar),17802,2012
82,I`m Da One,조권 (2am),17547,2012
83,미니 2집 Solo,허영생,17547,2012
84,대박사건,B.A.P,17495,2012
85,1st Mini Album `First Invasion`,인피니트 (Infinite),17154,2012
86,it B1A4,비원에이포 (B1A4),17080,2012
87,맥시싱글 Flashback,애프터스쿨 (After School),16885,2012
88,1집 Heartbreaker,G-Dragon,16792,2012
89,응답하라 1997 감독판 OST,Various Artists,16736,2012
90,SM Best Album 3,Various Artists,16686,2012
91,GD & TOP,"GD, TOP (빅뱅)",16518,2012
92,닥터 진 OST,Various Artists,16485,2012
93,옥탑방 왕세자 OST Vol.1,Various Artists,16330,2012
94,SE7EN NEW MINI ALBUM,세븐 (SE7EN),16274,2012
95,Girls` Generation The Boys (RePackage Album),소녀시대,15494,2012
96,Let`s Fly,비원에이포 (B1A4),15430,2012
97,`Hot Summer` f(x) 1st Album Repackage,f(x),15309,2012
98,Tara's Free Time In Paris & Swiss,티아라 (T-ara),15270,2012
99,4집 Supersonic,윤하,15110,2012
100,폭풍속으로 (She`s Gone),초신성,15047,2012
1,정규1집 리패키지 XOXO (Kiss Ver.),EXO,335823,2013
2,I Got A Boy,소녀시대,293302,2013
3,XOXO (Kiss Ver.),EXO,269597,2013
4,12월의 기적 (Miracles in December) (Korean Ver.),EXO,262825,2013
5,19집 Hello,조용필,250046,2013
6,XOXO (Hug Ver.) (Chinese),EXO,200870,2013
7,정규1집 리패키지 XOXO (Hug Ver.),EXO,200183,2013
8,쿠데타 (COUP D'ETAT),G-Dragon,195603,2013
9,SHINee The 3rd Album Chapter 1. `Dream Girl-The Misconceptions Of You`,샤이니 (SHINee),185357,2013
10,十二月的奇迹 (Miracles in December) (Chinese Ver.),EXO,171546,2013
11,Destiny,인피니트 (Infinite),163379,2013
12,New Challenge,인피니트 (Infinite),162797,2013
13,I,김재중 (JYJ),148074,2013
14,WWW,김재중 (JYJ),132940,2013
15,Chapter 2 'Why So Serious?-The Misconceptions Of Me',샤이니 (SHINee),131438,2013
16,The 5th Mini Album `Everybody`,샤이니 (SHINee),129003,2013
17,Re:Blue,씨엔블루 (CNBLUE),128026,2013
18,3집 Grown,2PM,116278,2013
19,Jekyll,빅스 (VIXX),112259,2013
20,Round 3,김현중,111776,2013
21,이게 무슨 일이야,비원에이포 (B1A4),101988,2013
22,"2집 Hard To Love, How To Love",비스트 (Beast),101928,2013
23,Fly High,인피니트H,93884,2013
24,Incredible,XIA(준수),90787,2013
25,Badman,B.A.P,88989,2013
26,One Shot,B.A.P,86386,2013
27,1집 No.1,틴 탑 (Teen Top),81956,2013
28,Pink Tape,f(x),81825,2013
29,11집 The Classic,신화,78727,2013
30,Let's Talk About Love,승리,77532,2013
31,틴탑 클래스,틴 탑 (Teen Top),73365,2013
32,`MAMA` EXO-K The 1st Mini Album,EXO-K,72415,2013
33,버스커 버스커 2집,버스커 버스커 (Busker Busker),70148,2013
34,Voodoo,빅스 (VIXX),62960,2013
35,Y,김재중,62000,2013
36,Very Good,블락비 (Block B),61396,2013
37,2집 Break Down,슈퍼주니어-M (Super Junior-M),54095,2013
38,hyde,빅스 (VIXX),52649,2013
39,`MAMA` EXO-M The 1st Mini Album,EXO-M,52409,2013
40,4집 Full Bloom,카라 (Kara),46830,2013
41,Secret Garden,에이핑크 (Apink),46026,2013
42,The Misconceptions Of Us,샤이니 (SHINee),45657,2013
43,One Of A Kind,G-Dragon,45332,2013
44,Illusion,제국의아이들 (ZE:A),41221,2013
45,3집 Modern Times,아이유 (IU),40360,2013
46,11집 My Love,이승철,39124,2013
47,Trap,헨리,38388,2013
48,김광석 Best,김광석,38108,2013
49,The Mood,FTISLAND (FT 아일랜드),36393,2013
50,Love Beat,엠블랙 (MBLAQ),36205,2013
51,다칠 준비가 돼 있어,빅스 (VIXX),35906,2013
52,Present,씨엔블루 (CNBLUE),35657,2013
53,1st Mini Album,마이네임 (My Name),35490,2013
54,Thanks To,FTISLAND (FT 아일랜드),34249,2013
55,"O! RUL8 ,2?",방탄소년단,34030,2013
56,Sexy Beat,엠블랙 (MBLAQ),33736,2013
57,무한도전 자유로 가요제,Various Artists,30000,2013
58,Chemistry,트러블메이커,29970,2013
59,전원일기,티아라 N4,28360,2013
60,Flower,용준형,27703,2013
61,틴탑 클래스 어디션,틴 탑 (Teen Top),27225,2013
62,버스커 버스커 1집,버스커 버스커 (Busker Busker),25161,2013
63,I yah (Repackage),보이프렌드 (Boyfriend),24675,2013
64,Again,티아라 (T-ara),24652,2013
65,2 Cool 4 Skool,방탄소년단,24441,2013
66,스릴러,비투비 (BTOB),23949,2013
67,Les Miserables OST (Movie),Various Artists,23535,2013
68,Grown (Grand Edition),2PM,23336,2013
69,Give It To Me,씨스타 (Sistar),22365,2013
70,6집 싸이6甲 Part 1,싸이 (Psy),22094,2013
71,어느 봄날,2am,21737,2013
72,Paradise,인피니트 (Infinite),20843,2013
73,Super Junior World Tour Super Show 4,슈퍼주니어 (Super Junior),20263,2013
74,One Of A Kind In Seoul (2013 G-Dragon World Tour Live),G-Dragon,20031,2013
75,Musical DECEMBER 2013 with KIMJUNSU,김준수,20000,2013
76,2011 Girls' Generation Tour,소녀시대,19836,2013
77,3집 : COLLAGE,유키스 (U-Kiss),19440,2013
78,BigBang Alive Tour : 2012 BigBang Live Concert In Seoul,BIGBANG (빅뱅),19390,2013
79,Moments,유키스 (U-Kiss),18956,2013
80,1집 First Love,이하이,18924,2013
81,2013 Bigbang Alive Galaxy Tour : The Final In Seoul Live,BIGBANG (빅뱅),18466,2013
82,1집 Love Love Love,로이킴,17364,2013
83,Great Wave,신승훈,17257,2013
84,2집 Mystic Ballad,다비치,17046,2013
85,Monochrome,이효리,16868,2013
86,Infinitize,인피니트 (Infinite),16753,2013
87,Doom Dada (Special Edition),탑 (T.O.P),16704,2013
88,In The Wind,비원에이포 (B1A4),16267,2013
89,Name Is 4Minute,4Minute (포미닛),15620,2013
90,Again 1977,티아라 (T-ara),15611,2013
91,SPECIAL EDITION `STILL ALIVE`,BIGBANG (빅뱅),15610,2013
92,응답하라 1994 OST,Various Artists,15287,2013
93,"9집 Goodbye, Grief.",자우림,15075,2013
94,The 2nd Single,마이네임 (My Name),14576,2013
95,`Sherlock` SHINee The 4th Mini Album,샤이니 (SHINee),14301,2013
96,여보세요,뉴이스트 (NU`EST),14249,2013
97,Humanoids (Repackage),동방신기,14196,2013
98,`No.1` 리패키지 스페셜 에디션,틴 탑 (Teen Top),14175,2013
99,OST Best (Flash Back),백지영,14026,2013
100,있다 없으니까,씨스타 19,13964,2013
1,중독 (Overdose),EXO-K,385047,2014
2,上瘾; (Overdose),EXO-M,272718,2014
3,7집 Mamacita,슈퍼주니어 (Super Junior),265781,2014
4,Tense,동방신기,196971,2014
5,The 4th Mini Album `Mr.Mr.`,소녀시대,163209,2014
6,JUST US,JYJ,154804,2014
7,Season 2,인피니트 (Infinite),152479,2014
8,The 7th Album Special Edition `THIS IS LOVE`,슈퍼주니어 (Super Junior),143515,2014
9,Good Luck,비스트 (Beast),134449,2014
10,Who Am I,비원에이포 (B1A4),126561,2014
11,Can't Stop,씨엔블루 (CNBLUE),117371,2014
12,The 7th Album Repackage `수리수리 (Spellbound)`,동방신기,110566,2014
13,First Sensibility,B.A.P,106190,2014
14,DARK&WILD,방탄소년단,100906,2014
15,정규1집 리패키지 XOXO (Kiss Ver.),EXO,98421,2014
16,Error,빅스 (VIXX),90195,2014
17,Be Back,인피니트 (Infinite),89548,2014
18,Solo Day,비원에이포 (B1A4),86711,2014
19,Red Light,f(x),86143,2014
20,Skool Luv Affair,방탄소년단,86004,2014
21,H.E.R,블락비 (Block B),84543,2014
22,Holler,소녀시대-태티서 (Girls` Generation-TTS),82904,2014
23,Ace,태민 (TAEMIN),82807,2014
24,Eternity,빅스 (VIXX),82666,2014
25,2014S/S,위너(WINNER),80262,2014
26,EXOLOGY CHAPTER 1: THE LOST PLANET,EXO,78946,2014
27,1st Mini Album,투하트(우현&키),74242,2014
28,Identify,GOT7,70928,2014
29,Teen Top Exito,틴 탑 (Teen Top),70823,2014
30,Time,비스트 (Beast),69004,2014
31,Pink Blossom,에이핑크 (Apink),66139,2014
32,Swing,슈퍼주니어-M (Super Junior-M),66012,2014
33,2NE1 NEW ALBUM `CRUSH`,2NE1,66004,2014
34,12월의 기적 (Miracles in December) (Korean Ver.),EXO,65902,2014
35,광화문에서,규현 (KYUHYUN),63050,2014
36,Pink LUV,에이핑크 (Apink),61523,2014
37,GOT♡,GOT7,59725,2014
38,RISE,태양,58435,2014
39,`MAMA` EXO-K The 1st Mini Album,EXO-K,57760,2014
40,동행,김동률,53777,2014
41,First Single Album 靑,인피니트 F (Infinite F),52914,2014
42,미친거 아니야?,2PM,52840,2014
43,Got it ?,GOT7,51689,2014
44,WWW 화장을 지우다,김재중,50000,2014
45,Chapter8,god,43449,2014
46,Da Capo,토이 (Toy),42934,2014
47,꽃갈피,아이유 (IU),42767,2014
48,김광석 Best,김광석,42721,2014
49,Quiet Night,서태지,42705,2014
50,Frozen OST (Deluxe Ver.),Various Artists,41660,2014
51,S.M. The Ballad Vol.2 Breath (Korean Ver.),S.M. THE BALLAD,39917,2014
52,Begin Again OST,Various Artists,38983,2014
53,XOXO (Kiss Ver.),EXO,38701,2014
54,`MAMA` EXO-M The 1st Mini Album,EXO-M,37518,2014
55,Rain Effect,비 (Rain),37431,2014
56,SERENDIPITY,이선희,36305,2014
57,PLAY,AKMU (악뮤),35583,2014
58,뛰뛰빵빵,비투비 (BTOB),35052,2014
59,Frozen OST,Various Artists,34944,2014
60,Evolution,박재범,33512,2014
61,Timing,김현중,33329,2014
62,Voodoo,빅스 (VIXX),32183,2014
63,The Origin (한정반),인피니트 (Infinite),29950,2014
64,신발장,에픽하이 (EPIK HIGH),28452,2014
65,The 4th World Tour,동방신기,28106,2014
66,十二月的奇迹 (Miracles in December) (Chinese Ver.),EXO,27771,2014
67,정규1집 리패키지 XOXO (Hug Ver.),EXO,27511,2014
68,Unplugged 2014,B.A.P,27444,2014
69,Jackpot (Special Edition),블락비 (Block B),27421,2014
70,Day & Night,카라,27177,2014
71,별에서 온 그대 OST,Various Artists,26993,2014
72,Obsession,보이프렌드 (Boyfriend),25297,2014
73,fall to fly-前,이승환,24441,2014
74,Girl's Day Everyday #4,걸스데이 (Girl's Day),23773,2014
75,The Winter's Tale,비투비 (BTOB),22137,2014
76,Witch,보이프렌드 (Boyfriend),21598,2014
77,Girl's Day Everyday III,걸스데이 (Girl's Day),20814,2014
78,슈가프리,티아라 (T-ara),20677,2014
79,사뿐사뿐,AOA,20179,2014
80,미친거 아니야? (Grand Edition),2PM,19975,2014
81,Move,비투비 (BTOB),19643,2014
82,Fantastic,헨리,19231,2014
83,XOXO (Hug Ver.) (Chinese),EXO,18696,2014
84,Broken,엠블랙 (MBLAQ),18597,2014
85,리패키지 Teen Top 20's Love Two Exito,틴 탑 (Teen Top),18593,2014
86,S.M. The Ballad Vol.2 Breath (Chinese Ver.),S.M. THE BALLAD,18519,2014
87,Frozen OST (한국어 더빙 버전),Various Artists,18505,2014
88,Secret Garden,에이핑크 (Apink),18101,2014
89,Thank Your Soul - SIDE A,브라운 아이드 소울 (Brown Eyed Soul),17701,2014
90,GOOD BOY,GD X TAEYANG,17346,2014
91,First Homme,제국의 아이들 (ZE:A),16770,2014
92,"O! RUL8 ,2?",방탄소년단,16412,2014
93,Continuum,플라이 투 더 스카이 (Fly To The Sky),16365,2014
94,JAPAN BEST 'ALL ABOUT',FTISLAND (FT 아일랜드),16069,2014
95,Never Ever,지연,15639,2014
96,Newton's Apple,넬 (Nell),15351,2014
97,단발머리,AOA,14869,2014
98,Skool Luv Affair Special Addition,방탄소년단,14852,2014
99,노래할게,이민호,14822,2014
100,Touch & Move,씨스타 (Sistar),14548,2014
1,EXODUS (Korean Ver.),EXO,478856,2015
2,Sing For You (Korean Ver.),EXO,318698,2015
3,LOVE ME RIGHT - The 2nd Album Repackage (Korean Ver.),EXO,299623,2015
4,EXODUS (Chinese Ver.),EXO,281320,2015
5,화양연화 pt.2,방탄소년단,274135,2015
6,화양연화 pt.1,방탄소년단,203664,2015
7,Sing For You (Chinese Ver.),EXO,176239,2015
8,Odd - The 4th Album,샤이니 (SHINee),172999,2015
9,DEVIL - SUPER JUNIOR SPECIAL ALBUM,슈퍼주니어 (Super Junior),167742,2015
10,RISE AS GOD - TVXQ! SPECIAL ALBUM,동방신기,151625,2015
11,LOVE ME RIGHT - The 2nd Album Repackage (Chinese Ver.),EXO,151438,2015
12,Reality,인피니트 (Infinite),148812,2015
13,Lion Heart - The 5th Album,소녀시대,145044,2015
14,M,BIGBANG (빅뱅),134296,2015
15,2nd Mini Album `BOYS BE`,세븐틴,122784,2015
16,I - The 1st Mini Album,태연 (TAEYEON),119576,2015
17,어느 멋진 날,정용화(Jung Yong Hwa),115203,2015
18,Chained Up,빅스 (VIXX),114326,2015
19,E,BIGBANG (빅뱅),105287,2015
20,Matrix,B.A.P,98276,2015
21,Boys' Record,빅스 (VIXX),97649,2015
22,A,BIGBANG (빅뱅),97390,2015
23,MAGIC - SUPER JUNIOR SPECIAL ALBUM PART.2,슈퍼주니어 (Super Junior),94983,2015
24,MAD,GOT7,91119,2015
25,Just right,GOT7,90539,2015
26,D,BIGBANG (빅뱅),88131,2015
27,Ordinary,비스트 (Beast),87524,2015
28,Married To The Music - The 4th Album Repackage,샤이니 (SHINee),87280,2015
29,Pink MEMORY,에이핑크 (Apink),84772,2015
30,2gether,씨엔블루 (CNBLUE),82748,2015
31,2015 쇼팽 콩쿠르 우승 실황앨범,조성진,80636,2015
32,PARTY,소녀시대,76385,2015
33,4 Walls - The 4th Album,f(x),75625,2015
34,2nd Mini Album `27`,김성규,75001,2015
35,The 1st Mini Album `BASE`,종현 (JONGHYUN),72161,2015
36,SUPER JUNIOR-D&E `The Beat Goes On`,SUPER JUNIOR-D&E (동해&은혁),70876,2015
37,Beautiful Liar,빅스LR,68437,2015
38,Flower,XIA(준수),67871,2015
39,Sweet Girl,비원에이포 (B1A4),65626,2015
40,WELCOME BACK (Half),iKON,65171,2015
41,NO.5,2PM,62618,2015
42,Dear Santa - X-Mas Special,소녀시대-태티서 (Girls` Generation-TTS),60456,2015
43,꼭 어제,XIA(준수),58870,2015
44,WE,신화,57808,2015
45,NATURAL BORN TEEN TOP,틴 탑 (Teen Top),56940,2015
46,Rush,몬스타엑스,54637,2015
47,1st Mini Album `17 CARAT`,세븐틴,52738,2015
48,WELCOME BACK (Full),iKON,52312,2015
49,THE STORY BEGINS,TWICE,49904,2015
50,The 1st Mini Album `Ice Cream Cake`,레드벨벳(Red Velvet),48815,2015
51,I WILL,FTISLAND (FT 아일랜드),47767,2015
52,Complete,비투비 (BTOB),47638,2015
53,The Red - The 1st Album,레드벨벳(Red Velvet),46571,2015
54,I Mean,비투비 (BTOB),46144,2015
55,"다시, 가을이 오면 - The 2nd Mini Album",규현 (KYUHYUN),45387,2015
56,CHAT-SHIRE,아이유 (IU),43184,2015
57,Heart Attack,AOA,42164,2015
58,Fly Again,인피니트H,41888,2015
59,FM302,이홍기,36925,2015
60,The Beat Goes On` Special Edition,SUPER JUNIOR-D&E (동해&은혁),36698,2015
61,품행제로,블락비 바스타즈,33137,2015
62,WORLDWIDE,박재범,32776,2015
63,TRESPASS,몬스타엑스,31085,2015
64,Girl`s Day Love Second Album,걸스데이 (Girl`s Day),30212,2015
65,Skool Luv Affair,방탄소년단,27954,2015
66,GALLERY,지코 (ZICO),26221,2015
67,家內手工業 (가내수공업),M&D(미아리&단계동),26168,2015
68,DARK&WILD,방탄소년단,26147,2015
69,종현 소품집 `이야기 Op.1`,종현 (JONGHYUN),24264,2015
70,MAD Winter Edition,GOT7,24119,2015
71,정규1집 리패키지 XOXO (Kiss Ver.),EXO,24062,2015
72,NIEL 1ST SOLO `oNIELy`,니엘 (NIEL),23757,2015
73,Crazy,4Minute (포미닛),22102,2015
74,So Good,티아라 (T-ara),20695,2015
75,MY,장현승,19872,2015
76,Lovelyz8,러블리즈,19850,2015
77,Boyfriend In Wonderland,보이프렌드(Boyfriend),19789,2015
78,AH YEAH,EXID,19534,2015
79,SHAKE IT,씨스타 (Sistar),19396,2015
80,그리고...,이승기,18428,2015
81,Pink LUV,에이핑크 (Apink),18212,2015
82,#REAL#,전진,17842,2015
83,The Anecdote,E Sens  	,17775,2015
84,BRAVO!,업텐션 (UP10TION),17536,2015
85,김광석 Best,김광석,17449,2015
86,쎄시봉 OST,Various Artists,17331,2015
87,"O! RUL8 ,2?",방탄소년단,16621,2015
88,25,Adele,16549,2015
89,一級秘密 (일급비밀),업텐션,16249,2015
90,Hi~,러블리즈,16079,2015
91,I am a Woman too,민아(걸스데이),15471,2015
92,The 1st Mini Album `Beautiful`,엠버 (AMBER),15099,2015
93,중독 (Overdose),EXO-K,15045,2015
94,시간 참 빠르다,이승철,14916,2015
95,`MAMA` EXO-K The 1st Mini Album,EXO-K,14633,2015
96,2 Cool 4 Skool,방탄소년단,14501,2015
97,Identify,GOT7,14406,2015
98,FANTASIA,전효성,13376,2015
99,I am...&I am,신승훈,13335,2015
100,카라(KARA) 7th Mini Album `In Love`,카라 (Kara),13220,2015
1,WINGS,방탄소년단,751301,2016
2,EX’ACT - The 3rd Album (Korean Ver.),EXO,549378,2016
3,"For Life - 겨울 스페셜 앨범, 2016",EXO,438481,2016
4,화양연화 Young Forever,방탄소년단,368369,2016
5,TWICEcoaster : LANE 1,TWICE,350852,2016
6,Hey Mama! - The 1st Mini Album,EXO-CBX (첸백시),275191,2016
7,LOSE CONTROL - The 1st Mini Album,레이 (LAY),274238,2016
8,EX’ACT - The 3rd Album (Chinese Ver.),EXO,247899,2016
9,LOTTO - The 3rd Album Repackage (Korean Ver.),EXO,232564,2016
10,FLIGHT LOG : TURBULENCE,GOT7,225617,2016
11,3rd Mini Album `Going Seventeen`,세븐틴,223973,2016
12,1ST ALBUM FIRST `LOVE&LETTER',세븐틴,191122,2016
13,PAGE TWO,TWICE,179452,2016
14,1 of 1 - The 5th Album,샤이니 (SHINee),170681,2016
15,FLIGHT LOG : DEPARTURE,GOT7,167145,2016
16,INFINITE ONLY,인피니트 (Infinite),129806,2016
17,LOTTO - The 3rd Album Repackage (Chinese Ver.),EXO,119902,2016
18,Press It - The 1st Album,태민 (TAEMIN),115232,2016
19,Why - The 2nd Mini Album,태연 (TAEYEON),111092,2016
20,Zelos,빅스 (VIXX),105870,2016
21,화양연화 pt.2,방탄소년단,105784,2016
22,Hades,빅스 (VIXX),102554,2016
23,THE CLAN Pt.2 `GUILTY`,몬스타엑스,100358,2016
24,MADE (FULL),BIGBANG (빅뱅),100000,2016
25,화양연화 pt.1,방탄소년단,99836,2016
26,Love & Letter Repackage Album,세븐틴,98420,2016
27,Kratos,빅스 (VIXX),97176,2016
28,miss me?,아이오아이 (I.O.I),93593,2016
29,THE CLAN pt.1 `LOST`,몬스타엑스,91220,2016
30,NO.X,김재중,85519,2016
31,Write..,남우현,83677,2016
32,NCT #127 - The 1st Mini Album,NCT 127,83272,2016
33,"With Love, J",Jessica (제시카),80783,2016
34,BURST,업텐션 (UP10TION),80765,2016
35,EXIT : E,위너(WINNER),79330,2016
36,RED POINT,틴 탑 (Teen Top),78880,2016
37,Highlight,비스트 (Beast),77362,2016
38,1st Mini Album `Chrysalis`,아이오아이 (I.O.I),74554,2016
39,2016 Re-ALBUM,젝스키스,73629,2016
40,1 and 1 - The 5th Album Repackage,샤이니 (SHINee),69445,2016
41,Whatta Man,아이오아이 (I.O.I),69076,2016
42,GENTLEMEN`S GAME,2PM,68652,2016
43,당신의 지갑에는 얼마의 사랑이 있나요.,박유천,67224,2016
44,GOOD TIMING,비원에이포 (B1A4),67031,2016
45,The 1st Album `LOL`,여자친구 (GFRIEND),66391,2016
46,CARNIVAL,B.A.P,64100,2016
47,I Just Wanna Dance - The 1st Mini Album,티파니 (TIFFANY),63154,2016
48,SPOTLIGHT,업텐션 (UP10TION),62848,2016
49,BLUEMING,씨엔블루 (CNBLUE),62026,2016
50,Summer go!,업텐션 (UP10TION),60561,2016
51,Autumn story,아스트로(ASTRO),57524,2016
52,좋아 - The 1st Album,종현 (JONGHYUN),57163,2016
53,Blooming Period,블락비 (Block B),56737,2016
54,Russian Roulette - The 3rd Mini Album,레드벨벳(Red Velvet),54989,2016
55,NOIR,B.A.P,52812,2016
56,태양의 후예 OST Vol.1,Various Artists,51348,2016
57,Remember that,비투비 (BTOB),50711,2016
58,THE STORY BEGINS,TWICE,50575,2016
59,Pink Revolution,에이핑크 (Apink),50375,2016
60,The Velvet - The 2nd Mini Album,레드벨벳(Red Velvet),48866,2016
61,NEW MAN,비투비 (BTOB),47847,2016
62,MEMORY,마마무 (Mamamoo),47056,2016
63,XIGNATURE,XIA(준수),45911,2016
64,"너를 기다린다(Waiting, Still) - The 3rd Mini Album",규현 (KYUHYUN),44567,2016
65,Here I Am - The 1st Mini Album,예성 (YESUNG),43563,2016
66,Skool Luv Affair,방탄소년단,42587,2016
67,FTISLAND 6th ALBUM 'Where's the truth?',FTISLAND (FT 아일랜드),41709,2016
68,I am A Dreamer,박효신,41275,2016
69,Good Luck,AOA,40282,2016
70,Dream,정은지,39999,2016
71,WELCOME BACK (Full),iKON,39906,2016
72,어린왕자 (The Little Prince) - The 1st Mini Album,려욱 (RYEOWOOK),39774,2016
73,Melting,마마무 (Mamamoo),39143,2016
74,DARK&WILD,방탄소년단,38781,2016
75,WONDERLAND,Jessica (제시카),38271,2016
76,3rd Mini Album `SNOWFLAKE`,여자친구 (GFRIEND),37744,2016
77,Dream,"수지(Suzy), 백현(BAEKHYUN)",36900,2016
78,Feeling Sensation,SF9 (에스에프나인),32322,2016
79,The MOBB,MOBB,31373,2016
80,Dear,에이핑크 (Apink),30000,2016
81,Summer Vibes,아스트로(ASTRO),29907,2016
82,2nd Mini Album `BOYS BE`,세븐틴,29356,2016
83,A New Trilogy,러블리즈,28985,2016
84,태양의 후예 OST Vol. 2,Various Artists,28850,2016
85,PUT'EM UP,B.A.P,27297,2016
86,"O! RUL8 ,2?",방탄소년단,26774,2016
87,내 얘길 들어봐,오마이걸 (OH MY GIRL),26106,2016
88,UNCHANGING PART1,신화,26014,2016
89,그렇게 있어 줘,산들 (B1A4),25411,2016
90,2 Cool 4 Skool,방탄소년단,25212,2016
91,Spring Up,아스트로(ASTRO),24668,2016
92,Mr. NO♡,준케이 (JUN. K),23534,2016
93,I - The 1st Mini Album,태연 (TAEYEON),23354,2016
94,EVERYTHING YOU WANTED,박재범,23027,2016
95,HIM (Spade Ver.),히스토리 (HISTORY),22598,2016
96,HIM (Heart Ver.),히스토리 (HISTORY),22450,2016
97,Act.1 The Little Mermaid,구구단 (gugudan),22217,2016
98,LOVE ME RIGHT - The 2nd Album Repackage (Korean Ver.),EXO,21656,2016
99,E,BIGBANG (빅뱅),21397,2016
100,STREET,EXID,21278,2016
1,LOVE YOURSELF 承 `Her`,방탄소년단,1493443,2017
2,THE WAR - The 4th Album (Korean Ver.),EXO,949827,2017
3,YOU NEVER WALK ALONE,방탄소년단,768402,2017
4,1X1=1(TO BE ONE),Wanna One (워너원),741546,2017
5,1-1=0 (NOTHING WITHOUT YOU),Wanna One (워너원),614072,2017
6,"Universe - 겨울 스페셜 앨범, 2017",EXO,516062,2017
7,The Power Of Music - The 4th Album Repackage (Korean Ver.),EXO,455269,2017
8,7 for 7,GOT7,368589,2017
9,"2ND ALBUM `TEEN, AGE`",세븐틴,357296,2017
10,FLIGHT LOG : ARRIVAL,GOT7,334316,2017
11,4th Mini Album `Al1`,세븐틴,331888,2017
12,twicetagram,TWICE,320389,2017
13,"W, HERE",뉴이스트 W,308108,2017
14,SIGNAL,TWICE,285294,2017
15,TWICEcoaster : LANE 2,TWICE,277716,2017
16,PLAY - The 8th Album,슈퍼주니어 (Super Junior),237491,2017
17,Be ordinary,황치열,224071,2017
18,Holiday Night - The 6th Album,소녀시대,167638,2017
19,Merry & Happy,TWICE,165347,2017
20,MADE (FULL),BIGBANG (빅뱅),157513,2017
21,THE CODE,몬스타엑스,155933,2017
22,My Voice - The 1st Album,태연 (TAEYEON),141200,2017
23,THE WAR - The 4th Album (Chinese Ver.),EXO,135267,2017
24,FANTASY,JBJ,134900,2017
25,THE CLAN pt.2.5 [BEAUTIFUL],몬스타엑스,130814,2017
26,NCT #127 CHERRY BOMB - The 3rd Mini Album,NCT 127,127642,2017
27,NCT #127 Limitless - The 2nd Mini Album,NCT 127,121109,2017
28,Verse 2,JJ Project,116274,2017
29,MOVE - The 2nd Album,태민 (TAEMIN),115286,2017
30,CAN YOU FEEL IT?,하이라이트(Highlight),114303,2017
31,CELEBRATE,하이라이트(Highlight),113154,2017
32,Brother Act.,비투비 (BTOB),100594,2017
33,ANOTHER LIGHT,젝스키스,98529,2017
34,STAR;DOM,업텐션 (UP10TION),95523,2017
35,WINGS,방탄소년단,93132,2017
36,Perfect Velvet - The 2nd Album,레드벨벳(Red Velvet),90456,2017
37,화양연화 Young Forever,방탄소년단,89761,2017
38,桃源境 (도원경),빅스 (VIXX),87801,2017
39,Rookie - The 4th Mini Album,레드벨벳(Red Velvet),87091,2017
40,The First - The 1st Single Album,NCT DREAM,82654,2017
41,Dream Part.01,아스트로(ASTRO),81226,2017
42,We Young - The 1st Mini Album,NCT DREAM,80905,2017
43,Rollin`,비원에이포 (B1A4),79212,2017
44,The Red Summer - Summer Mini Album,레드벨벳(Red Velvet),78846,2017
45,My Voice - The 1st Album Deluxe Edition,태연 (TAEYEON),77188,2017
46,Feel`eM,비투비 (BTOB),75617,2017
47,도깨비 OST Pack,Various Artists,75397,2017
48,The 4th Mini Album `THE AWAKENING`,여자친구 (GFRIEND),75363,2017
49,THE 20TH ANNIVERSARY,젝스키스,73188,2017
50,NEW KIDS : BEGIN,iKON,70949,2017
51,Palette,아이유 (IU),70568,2017
52,This Christmas Winter is Coming,태연 (TAEYEON),69099,2017
53,SHINE FOREVER,몬스타엑스,66684,2017
54,FATE NUMBER FOR,위너(WINNER),66494,2017
55,SHINHWA 13TH UNCHANGING - TOUCH,신화,66083,2017
56,JUNG YONG HWA 1ST MINI ALBUM DO DISTURB,정용화(Jung Yong Hwa),65771,2017
57,화양연화 pt.2,방탄소년단,63360,2017
58,The 5th Mini Album <PARALLEL>,여자친구 (GFRIEND),62781,2017
59,UNMIX,MXM (BRANDNEW BOYS),60021,2017
60,화양연화 pt.1,방탄소년단,59768,2017
61,The 8th Album `PLAY PAUSE Ver.`,슈퍼주니어 (Super Junior),58734,2017
62,OUR TWENTY FOR,위너(WINNER),57502,2017
63,HIGH FIVE,틴 탑 (Teen Top),57409,2017
64,The Power Of Music - The 4th Album Repackage (Chinese Ver.),EXO,56596,2017
65,Purple,마마무 (Mamamoo),55589,2017
66,Pink UP,에이핑크 (Apink),53675,2017
67,CNBLUE 7TH MINI ALBUM 7℃N,씨엔블루 (CNBLUE),53559,2017
68,꽃갈피 둘,아이유 (IU),49862,2017
69,PAGE TWO,TWICE,49748,2017
70,WEME,위키미키 (Weki Meki),49476,2017
71,THE BOYZ DEBUT ALBUM [THE FIRST],더보이즈(THE BOYZ),48971,2017
72,MOVE-ing - The 2nd Album Repackage,태민 (TAEMIN),48378,2017
73,WHITE NIGHT,태양,47365,2017
74,Skool Luv Affair,방탄소년단,46780,2017
75,Dream Part.02,아스트로(ASTRO),46285,2017
76,3rd Mini Album `Going Seventeen`,세븐틴,45893,2017
77,Lovelyz 2nd Album 'R U Ready?',러블리즈,44874,2017
78,My Decade,Jessica (제시카),44778,2017
79,ROSE,B.A.P,43836,2017
80,3rd Mini Album [Fall in Lovelyz],러블리즈,43687,2017
81,The 1st Mini Album `HI! PRISTIN`,PRISTIN (프리스틴),43300,2017
82,DARK&WILD,방탄소년단,42953,2017
83,2nd Mini Album Whisper,빅스LR,42762,2017
84,TWICEcoaster : LANE 1,TWICE,42632,2017
85,BOYFRIEND 5th EP `NEVER END`,보이프렌드(Boyfriend),41964,2017
86,THE 1ST MINI ALBUM PART.1 [EVER],정세운,41586,2017
87,SUNRISE,DAY6,39225,2017
88,MOONRISE,DAY6,39008,2017
89,CALLING YOU,하이라이트(Highlight),38545,2017
90,HAPPY MOMENT,우주소녀,38368,2017
91,The 5th Mini Album Repackage `RAINBOW`,여자친구 (GFRIEND),37474,2017
92,종현 소품집 `이야기 Op.2`,종현 (JONGHYUN),37119,2017
93,From. 우주소녀,우주소녀,36441,2017
94,AOA 1st Album ANGEL`S KNOCK,AOA,35013,2017
95,SIXTEEN,사무엘,34048,2017
96,SF9 First Mini Album 'Burning Sensation',SF9 (에스에프나인),33997,2017
97,Don`t Say No - The 1st Mini Album,서현 (SEOHYUN),33369,2017
98,2 Cool 4 Skool,방탄소년단,33008,2017
99,the.the.the,용국 & 시현,32935,2017
100,SF9 3rd Mini Album 'Knights of the Sun',SF9 (에스에프나인),32864,2017
1,LOVE YOURSELF 結 `Answer`,방탄소년단,2197808,2018
2,LOVE YOURSELF 轉 `Tear`,방탄소년단,1849537,2018
3,DON`T MESS UP MY TEMPO - The 5th Album,EXO,1452030,2018
4,0+1=1 (I PROMISE YOU),Wanna One (워너원),782562,2018
5,1÷χ=1 (UNDIVIDED),Wanna One (워너원),641131,2018
6,1¹¹=1 (POWER OF DESTINY),Wanna One (워너원),605128,2018
7,LOVE SHOT - The 5th Album Repackage,EXO,499849,2018
8,5TH MINI ALBUM `YOU MAKE MY DAY`,세븐틴,389937,2018
9,Blooming Days - The 2nd Mini Album,EXO-CBX (첸백시),363567,2018
10,What is Love?,TWICE,348797,2018
11,LOVE YOURSELF 承 `Her`,방탄소년단,333420,2018
12,Eyes On You,GOT7,332580,2018
13,NCT 2018 EMPATHY,NCT,330335,2018
14,Present : YOU,GOT7,326754,2018
15,YES or YES,TWICE,325761,2018
16,Summer Nights,TWICE,314421,2018
17,NCT #127 Regular-Irregular - The 1st Album,NCT 127,292341,2018
18,"WHO, YOU",뉴이스트 W,250810,2018
19,ARE YOU THERE? - The 2nd Album Take.1,몬스타엑스,239137,2018
20,Poet l Artist,종현 (JONGHYUN),235965,2018
21,SQUARE UP,BLACKPINK,230656,2018
22,We Go Up - The 2nd Mini Album,NCT DREAM,202626,2018
23,The year of `YES`,TWICE,196034,2018
24,COLOR*IZ,IZ*ONE (아이즈원),192738,2018
25,"WAKE,N",뉴이스트 W,191461,2018
26,SPECIAL ALBUM `DIRECTOR`S CUT`,세븐틴,188911,2018
27,`Present : YOU` &ME Edition,GOT7,185641,2018
28,THE CONNECT : DEJAVU,몬스타엑스,175130,2018
29,NCT #127 Regulate - The 1st Album Repackage,NCT 127,157809,2018
30,Summer Magic - Summer Mini Album,레드벨벳(Red Velvet),157323,2018
31,New Chapter #1 : The Chance of Love - The 8th Album,동방신기,146354,2018
32,One More Time - Special Mini Album,슈퍼주니어 (Super Junior),142534,2018
33,화양연화 Young Forever,방탄소년단,129819,2018
34,WINGS,방탄소년단,129787,2018
35,True Colors,JBJ,123502,2018
36,EVERYD4Y,위너(WINNER),121062,2018
37,THIS IS US,비투비 (BTOB),119401,2018
38,Be Myself,황치열,115988,2018
39,3rd MINI ALBUM [THE ONLY],더보이즈(THE BOYZ),115754,2018
40,`The Story of Light` EP.1 - The 6th Album,샤이니 (SHINee),115234,2018
41,REPLAY - The 8th Repackage Album,슈퍼주니어 (Super Junior),114457,2018
42,YOU NEVER WALK ALONE,방탄소년단,111140,2018
43,NEW KIDS : CONTINUE,iKON,109481,2018
44,I am YOU,Stray Kids (스트레이 키즈),107975,2018
45,Return,iKON,105105,2018
46,HOUR MOMENT,비투비 (BTOB),101747,2018
47,`The Story of Light` EP.3 - The 6th Album,샤이니 (SHINee),98998,2018
48,`The Story of Light` EP.2 - The 6th Album,샤이니 (SHINee),97220,2018
49,RBB - The 5th Mini Album,레드벨벳(Red Velvet),94367,2018
50,EAU DE VIXX,빅스 (VIXX),94225,2018
51,New Chapter #2 : The Truth of Love - 15th Anniversary Special Album,동방신기,93238,2018
52,I am WHO,Stray Kids (스트레이 키즈),91648,2018
53,The Perfect Red Velvet - The 2nd Album Repackage,레드벨벳(Red Velvet),91325,2018
54,I am NOT,Stray Kids (스트레이 키즈),86576,2018
55,The 6th Mini Album `Time for the moon night`,여자친구 (GFRIEND),84313,2018
56,TOP SEED,인피니트 (Infinite),80523,2018
57,화양연화 pt.2,방탄소년단,80100,2018
58,Skool Luv Affair,방탄소년단,77291,2018
59,화양연화 pt.1,방탄소년단,72472,2018
60,1¹¹=1 (POWER OF DESTINY) (Kihno),Wanna One (워너원),71783,2018
61,THE BOYZ MINI ALBUM [THE START],더보이즈(THE BOYZ),71585,2018
62,XX,MINO (송민호),71302,2018
63,Something New - The 3rd Mini Album,태연 (TAEYEON),70400,2018
64,VOICE - The 1st Mini Album,온유 (ONEW),69023,2018
65,INVITATION,업텐션 (UP10TION),68420,2018
66,Shoot Me : Youth Part 1,DAY6,65571,2018
67,DARK&WILD,방탄소년단,65537,2018
68,ONE & SIX,에이핑크 (Apink),64030,2018
69,NEW MOON,JBJ,62707,2018
70,WJ PLEASE?,우주소녀,61952,2018
71,MIXTAPE,Stray Kids (스트레이 키즈),60769,2018
72,FACE - The 1st Album,키 (KEY),60053,2018
73,YANG YOSEOP 2ND MINI ALBUM `白`,양요섭,58535,2018
74,NEW KIDS : THE FINAL,iKON,58357,2018
75,Second Write..,남우현,56842,2018
76,SHINHWA TWENTY SPECIAL ALBUM `HEART`,신화,56398,2018
77,Merry & Happy,TWICE,56334,2018
78,1st Album `10 Stories`,김성규,56082,2018
79,Summer Mini Album `Sunny Summer`,여자친구 (GFRIEND),54913,2018
80,[+ +],이달의 소녀,52823,2018
81,Positive,펜타곤 (PENTAGON),52488,2018
82,"O! RUL8 ,2?",방탄소년단,52203,2018
83,1st MINI ALBUM `HOME`,JBJ95,52077,2018
84,MILLIONS,위너(WINNER),52074,2018
85,2 Cool 4 Skool,방탄소년단,51296,2018
86,`The Story of Light` Epilogue - The 6th Album,샤이니 (SHINee),50635,2018
87,Yellow Flower,마마무 (Mamamoo),50574,2018
88,Remember Us : Youth Part 2,DAY6,49721,2018
89,RED MOON,마마무 (Mamamoo),48709,2018
90,Dream your dream,우주소녀,48328,2018
91,1X1=1(TO BE ONE),Wanna One (워너원),48126,2018
92,OUTRO,하이라이트(Highlight),47937,2018
93,1st Single Album [THE SPHERE],더보이즈(THE BOYZ),47470,2018
94,THE GREAT SEUNGRI,승리,46505,2018
95,SIGNAL,TWICE,46328,2018
96,2nd Mini Album [奇跡(기적)],골든차일드,46281,2018
97,BOYHOOD,유앤비 (UNB),46131,2018
98,2ND MINI ALBUM [MATCH UP],MXM (BRANDNEWBOYS),45806,2018
99,BLUE;S,마마무 (Mamamoo),45493,2018
100,SOLO,제니 (JENNIE),45402,2018
1,MAP OF THE SOUL : PERSONA,방탄소년단,3718230,2019
2,3RD ALBUM `An Ode`,세븐틴,858872,2019
3,OBSESSION - The 6th Album,EXO,766294,2019
4,비상 : QUANTUM LEAP,X1 (엑스원),580573,2019
5,BTS WORLD OST,방탄소년단,553364,2019
6,City Lights - The 1st Mini Album,백현 (BAEKHYUN),525935,2019
7,color on me,강다니엘,500134,2019
8,6TH MINI ALBUM `YOU MADE MY DAWN`,세븐틴,475998,2019
9,Time_Slip - The 9th Album,슈퍼주니어 (Super Junior),427647,2019
10,Feel Special,TWICE,413459,2019
11,FANCY YOU,TWICE,394405,2019
12,What a life - The 1st Mini Album,세훈&찬열(EXO-SC),391121,2019
13,LOVE YOURSELF 承 `Her`,방탄소년단,369601,2019
14,LOVE YOURSELF 結 `Answer`,방탄소년단,363570,2019
15,LOVE YOURSELF 轉 `Tear`,방탄소년단,332372,2019
16,We Boom - The 3rd Mini Album,NCT DREAM,327805,2019
17,KILL THIS LOVE,BLACKPINK,324577,2019
18,SPINNING TOP : BETWEEN SECURITY & INSECURITY,GOT7,314948,2019
19,Call My Name,GOT7,298361,2019
20,NCT #127 WE ARE SUPERHUMAN - The 4th Mini Album,NCT 127,265762,2019
21,HEART*IZ,IZ*ONE (아이즈원),255536,2019
22,WE ARE HERE - The 2nd Album Take.2,몬스타엑스,253456,2019
23,The 6th Mini Album `Happily Ever After`,뉴이스트 (NU`EST),251083,2019
24,`FOLLOW` : FIND YOU,몬스타엑스,226357,2019
25,The 7th Mini Album `The Table`,뉴이스트 (NU`EST),212499,2019
26,꿈의 장: STAR,투모로우바이투게더,203795,2019
27,꿈의 장: MAGIC,투모로우바이투게더,202302,2019
28,Love poem,아이유 (IU),191051,2019
29,"사월, 그리고 꽃 - The 1st Mini Album",첸 (CHEN),187575,2019
30,Cle : LEVANTER,Stray Kids (스트레이 키즈),182300,2019
31,Cle 1 : MIROH,Stray Kids (스트레이 키즈),169319,2019
32,B:COMPLETE,AB6IX (에이비식스),168075,2019
33,SuperM - The 1st Mini Album,SuperM,167640,2019
34,Purpose - The 2nd Album,태연 (TAEYEON),165739,2019
35,TREASURE EP.FIN : All To Action,ATEEZ (에이티즈),165479,2019
36,사랑하는 그대에게 - The 2nd Mini Album,첸 (CHEN),157429,2019
37,`The ReVe Festival` Day 1,레드벨벳(Red Velvet),156993,2019
38,Cle 2 : Yellow Wood,Stray Kids (스트레이 키즈),156048,2019
39,TREASURE EP.3 : One To All,ATEEZ (에이티즈),144234,2019
40,True Colors - The 1st Mini Album,유노윤호 (U-KNOW),143424,2019
41,6IXENSE,AB6IX (에이비식스),141280,2019
42,WINGS,방탄소년단,136013,2019
43,화양연화 Young Forever,방탄소년단,135517,2019
44,2nd Single Album [Bloom Bloom],더보이즈(THE BOYZ),130018,2019
45,WE,위너(WINNER),129783,2019
46,All Light,아스트로(ASTRO),126721,2019
47,IT`z ICY,ITZY (있지),123777,2019
48,YOU NEVER WALK ALONE,방탄소년단,123710,2019
49,BLUE FLAME,아스트로(ASTRO),117925,2019
50,4th MINI ALBUM [DreamLike],더보이즈(THE BOYZ),112458,2019
51,`The ReVe Festival` Day 2,레드벨벳(Red Velvet),111654,2019
52,O'CLOCK,박지훈,109428,2019
53,reality in BLACK,마마무 (Mamamoo),108565,2019
54,WANT - The 2nd Mini Album,태민 (TAEMIN),107578,2019
55,CROSS,위너(WINNER),106537,2019
56,The Four Seasons,황치열,105227,2019
57,`The ReVe Festival` Finale,레드벨벳(Red Velvet),104729,2019
58,Another,김재환,104256,2019
59,360,박지훈,103392,2019
60,S.O.L,이진혁,99530,2019
61,화양연화 pt.2,방탄소년단,97034,2019
62,Skool Luv Affair,방탄소년단,93484,2019
63,The 2nd Album `Time for us`,여자친구 (GFRIEND),93025,2019
64,DANGER - The 3rd Mini Album,SUPER JUNIOR-D&E (동해&은혁),89959,2019
65,My Moment,하성운,87844,2019
66,As you Wish,우주소녀,87219,2019
67,FOCUS,Jus2 (저스투),85461,2019
68,The 7th Mini Album `FEVER SEASON`,여자친구 (GFRIEND),82389,2019
69,화양연화 pt.1,방탄소년단,82065,2019
70,BXXX,하성운,81759,2019
71,SPECIAL ALBUM (For the Summer),우주소녀,78555,2019
72,"2nd EP ALBUM HELLO` Chapter 2. Hello, Strange Place",CIX (씨아이엑스),76037,2019
73,DARK&WILD,방탄소년단,75778,2019
74,nostalgia,VICTON (빅톤),74602,2019
75,"1st EP ALBUM `HELLO` Chapter 1. Hello, Stranger",CIX (씨아이엑스),73790,2019
76,2 Cool 4 Skool,방탄소년단,70023,2019
77,TREASURE EP.2 : Zero To One,ATEEZ (에이티즈),69903,2019
78,White Wind,마마무 (Mamamoo),69832,2019
79,G1,은지원,69397,2019
80,NEW KIDS REPACKAGE : THE NEW KIDS,iKON,68728,2019
81,"O! RUL8 ,2?",방탄소년단,67493,2019
82,MOMENT,김재환,66228,2019
83,The Book of Us : Entropy,DAY6,64454,2019
84,WJ STAY?,우주소녀,64339,2019
85,끝을 받아들이기가 어려워,배진영,63987,2019
86,비상 : QUANTUM LEAP (KiT),X1 (엑스원),62010,2019
87,Pink Magic,예성 (YESUNG),60384,2019
88,The Book of Us : Gravity,DAY6,60013,2019
89,SQUARE UP,BLACKPINK,57332,2019
90,RPM,SF9 (에스에프나인),56850,2019
91,FUN FACTORY,프로미스나인 (fromis_9),56121,2019
92,6th Mini Album [Once upon a time],러블리즈,54419,2019
93,NCT 2018 EMPATHY,NCT,52981,2019
94,1¹¹=1 (POWER OF DESTINY),Wanna One (워너원),52426,2019
95,JINU's HEYDAY,JINU (김진우),51356,2019
96,야호(夜好),엔플라잉 (N.Flying),51237,2019
97,SF9 6th Mini Album `NARCISSUS`,SF9 (에스에프나인),50960,2019
98,What is Love?,TWICE,50877,2019
99,A Walk to Remember - Special Album,윤아 (YOONA),49696,2019
100,너를 만나러 간다 (The day we meet again),규현 (KYUHYUN),49673,2019
1,MAP OF THE SOUL : 7,방탄소년단,4376975,2020
2,BE,방탄소년단,2692022,2020
3,7th Mini Album `헹가래`,세븐틴,1377813,2020
4,NCT RESONANCE Pt. 1 - The 2nd Album,NCT,1289594,2020
5,THE ALBUM,BLACKPINK,1244802,2020
6,Special Album '; [Semicolon]',세븐틴,1122850,2020
7,Delight - The 2nd Mini Album,백현 (BAEKHYUN),971554,2020
8,NCT #127 Neo Zone - The 2nd Album,NCT 127,836779,2020
9,NCT RESONANCE Pt. 2 - The 2nd Album,NCT,791590,2020
10,Skool Luv Affair Special Addition,방탄소년단,670500,2020
11,Reload,NCT DREAM,633593,2020
12,MORE & MORE,TWICE,573431,2020
13,우리家,김호중,539350,2020
14,NCT #127 Neo Zone The Final Round - The 2nd Album Repackage,NCT 127,524224,2020
15,Oneiric Diary (幻想日記),IZ*ONE (아이즈원),515492,2020
16,10억뷰 - The 1st Album,세훈&찬열(EXO-SC),510297,2020
17,Super One,SuperM,504232,2020
18,Eyes wide open,TWICE,479885,2020
19,minisode1 : Blue Hour,투모로우바이투게더,476596,2020
20,BLOOM*IZ,IZ*ONE (아이즈원),465308,2020
21,DYE,GOT7,454293,2020
22,IN生,Stray Kids (스트레이 키즈),440625,2020
23,One-reeler / Act IV,IZ*ONE (아이즈원),431498,2020
24,BORDER : DAY ONE,ENHYPEN,379992,2020
25,ZERO : FEVER Part.1,ATEEZ (에이티즈),379052,2020
26,5th MINI ALBUM [CHASE],더보이즈(THE BOYZ),368911,2020
27,GO生,Stray Kids (스트레이 키즈),364252,2020
28,꿈의 장: ETERNITY,투모로우바이투게더,358514,2020
29,KAI - The 1st Mini Album,카이 (KAI),344246,2020
30,Breath of Love : Last Piece,GOT7,340819,2020
31,MAGENTA,강다니엘,337785,2020
32,SPECIAL EDITION [How You Like That],BLACKPINK,302377,2020
33,Fatal Love,몬스타엑스,278765,2020
34,자화상 - The 1st Mini Album,수호 (SUHO),272698,2020
35,CYAN,강다니엘,266176,2020
36,FANTASIA X,몬스타엑스,264285,2020
37,The Classic Album I - My Favorite Arias,김호중,248480,2020
38,The Classic Album II - My Favorite Songs,김호중,248466,2020
39,THE FIRST STEP : CHAPTER ONE,TREASURE (트레저),247983,2020
40,THE FIRST STEP : CHAPTER TWO,TREASURE (트레저),239326,2020
41,Monster - The 1st Mini Album,레드벨벳-아이린&슬기,232498,2020
42,THE FIRST STEP : CHAPTER THREE,TREASURE (트레저),232134,2020
43,BAD BLOOD - The 4th Mini Album,SUPER JUNIOR-D&E (동해&은혁),226393,2020
44,Not Shy,ITZY (있지),216151,2020
45,MAP OF THE SOUL : PERSONA,방탄소년단,197536,2020
46,The 8th Mini Album `The Nocturne`,뉴이스트 (NU`EST),193509,2020
47,TREASURE EPILOGUE : Action To Answer,ATEEZ (에이티즈),179796,2020
48,NCT RESONANCE Pt. 1 - The 2nd Album (KiT),NCT,175747,2020
49,LOVE YOURSELF 結 `Answer`,방탄소년단,169952,2020
50,TRAVEL,마마무 (Mamamoo),169850,2020
51,LOVE YOURSELF 轉 `Tear`,방탄소년단,167679,2020
52,HIDEOUT: THE NEW DAY WE STEP INTO - SEASON 2.,CRAVITY,166644,2020
53,HIDEOUT: REMEMBER WHO WE ARE - SEASON1.,CRAVITY,154360,2020
54,I trust,(여자)아이들,154016,2020
55,Never Gonna Dance Again : Act 1 - The 3rd Album,태민 (TAEMIN),153926,2020
56,IT'z ME,ITZY (있지),153037,2020
57,푸르게 빛나던 우리의 계절 (When We Were Us) - The 1st Mini Album,슈퍼주니어-K.R.Y. (Super Junior-K.R.Y.),151153,2020
58,LOVE YOURSELF 承 `Her`,방탄소년단,150656,2020
59,1ST MINI ALBUM Part. 1 [Love Synonym #1 : Right for Me],원호 (WONHO),146068,2020
60,NCT RESONANCE Pt. 2 - The 2nd Album (KiT),NCT,145146,2020
61,EQUAL,WOODZ (조승연),143791,2020
62,VIVID,AB6IX (에이비식스),139900,2020
63,덤디덤디 (DUMDi DUMDi),(여자)아이들,124815,2020
64,화양연화 Young Forever,방탄소년단,123591,2020
65,Never Gonna Dance Again : Act 2 - The 3rd Album,태민 (TAEMIN),123441,2020
66,REVEAL,더보이즈(THE BOYZ),121621,2020
67,TIMELESS - The 9th Album Repackage,슈퍼주니어 (Super Junior),121293,2020
68,WINGS,방탄소년단,119148,2020
69,FIRST COLLECTION,SF9 (에스에프나인),117785,2020
70,1ST DESIRE [GREED],김우석,117570,2020
71,[12:00],이달의 소녀,114503,2020
72,Remember,위너(WINNER),114466,2020
73,애요,김재중,114286,2020
74,YOU NEVER WALK ALONE,방탄소년단,113191,2020
75,WE:TH,펜타곤 (PENTAGON),110801,2020
76,Chocolate - The 1st Mini Album,최강창민 (MAX CHANGMIN),109203,2020
77,LIVED,원어스(ONEUS),108862,2020
78,Awaken The World - The 1st Album,WayV,107773,2020
79,SALUTE,AB6IX (에이비식스),106682,2020
80,9loryUS,SF9 (에스에프나인),105874,2020
81,Neverland,우주소녀,105056,2020
82,5th Mini Album [Dystopia : Lose Myself],드림캐쳐,99746,2020
83,What Do I Call You - The 4th Mini Album,태연 (TAEYEON),99065,2020
84,2nd Single Album [Pump It Up],골든차일드,98239,2020
85,KILL THIS LOVE,BLACKPINK,98035,2020
86,7th Mini Album [GATEWAY],아스트로(ASTRO),97991,2020
87,TAKE,MINO (송민호),97577,2020
88,화양연화 pt.2,방탄소년단,97139,2020
89,Mayday,VICTON (빅톤),95850,2020
90,Continuous,VICTON (빅톤),95709,2020
91,WOOPS!,WOODZ (조승연),95531,2020
92,回:Song of the Sirens,여자친구 (GFRIEND),90242,2020
93,3RD ALBUM `An Ode`,세븐틴,89260,2020
94,Fame,한승우,86063,2020
95,The Book of Us : The Demon,DAY6,85898,2020
96,SPIT IT OUT,솔라,84951,2020
97,The W,박지훈,84769,2020
98,Skool Luv Affair,방탄소년단,84755,2020
99,화양연화 pt.1,방탄소년단,84641,2020
100,回:LABYRINTH,여자친구 (GFRIEND),82760,2020
1,Butter,방탄소년단,2999407,2021
2,Sticker - The 3rd Album,NCT 127,2427559,2021
3,맛 (Hot Sauce) - The 1st Album,NCT DREAM,2097185,2021
4,9th Mini Album `Attacca`,세븐틴,2059073,2021
5,Universe - The 3rd Album,NCT,1630715,2021
6,8th Mini Album `Your Choice`,세븐틴,1462405,2021
7,DON`T FIGHT THE FEELING - Special Album,EXO,1326189,2021
8,NOEASY,Stray Kids (스트레이 키즈),1303106,2021
9,DIMENSION : DILEMMA,ENHYPEN,1205949,2021
10,BE,방탄소년단,1049496,2021
11,Hello Future - The 1st Album Repackage,NCT DREAM,1025005,2021
12,Bambi - The 3rd Mini Album,백현 (BAEKHYUN),996850,2021
13,Favorite - The 3rd Album Repackage,NCT 127,934986,2021
14,혼돈의 장 : FREEZE,투모로우바이투게더,877917,2021
15,BORDER : CARNIVAL,ENHYPEN,788451,2021
16,혼돈의 장: FIGHT OR ESCAPE,투모로우바이투게더,775121,2021
17,Christmas EveL,Stray Kids (스트레이 키즈),743047,2021
18,ZERO : FEVER Part.3,ATEEZ (에이티즈),737124,2021
19,Formula of Love: O+T=<3,TWICE,714955,2021
20,LALISA,리사 (LISA),708475,2021
21,6TH MINI ALBUM [THRILL-ING],더보이즈(THE BOYZ),642992,2021
22,3rd Single Album [MAVERICK],더보이즈(THE BOYZ),642369,2021
23,Savage - The 1st Mini Album,aespa,574445,2021
24,Taste of Love,TWICE,559093,2021
25,R,로제 (ROSE),516915,2021
26,ZERO : FEVER Part.2,ATEEZ (에이티즈),514515,2021
27,CRAZY IN LOVE,ITZY (있지),500124,2021
28,LOVE YOURSELF 轉 `Tear`,방탄소년단,458050,2021
29,The Renaissance - The 10th Album,슈퍼주니어 (Super Junior),442742,2021
30,NO LIMIT,몬스타엑스,424618,2021
31,LOVE YOURSELF 結 `Answer`,방탄소년단,411822,2021
32,ZERO: FEVER EPILOGUE,ATEEZ (에이티즈),407165,2021
33,5th Album `LILAC`,아이유 (IU),402864,2021
34,NCT RESONANCE Pt. 2 - The 2nd Album,NCT,393900,2021
35,LOVE YOURSELF 承 `Her`,방탄소년단,391160,2021
36,공감 - The 1st Mini Album,디오 (D.O.),380178,2021
37,Queendom - The 6th Mini Album,레드벨벳(Red Velvet),363602,2021
38,All Yours,아스트로(ASTRO),360911,2021
39,MAP OF THE SOUL : PERSONA,방탄소년단,358154,2021
40,One Of A Kind,몬스타엑스,352734,2021
41,MAP OF THE SOUL : 7,방탄소년단,345192,2021
42,GUESS WHO,ITZY (있지),339940,2021
43,THE FIRST STEP : TREASURE EFFECT,TREASURE (트레저),331320,2021
44,YELLOW,강다니엘,320114,2021
45,SWITCH ON,아스트로(ASTRO),310979,2021
46,Don`t Call Me - The 7th Album,샤이니 (SHINee),307859,2021
47,Kick Back - The 3rd Mini Album,WayV,276132,2021
48,Hello Future - The 1st Album Repackage (KiT),NCT DREAM,269641,2021
49,ELEVEN,IVE (아이브),268396,2021
50,Peaches - The 2nd Mini Album,카이 (KAI),265201,2021
51,Favorite - The 3rd Album Repackage (KiT),NCT 127,230350,2021
52,I burn,(여자)아이들,219409,2021
53,TURN OVER,SF9 (에스에프나인),217201,2021
54,The 2nd Album 'Romanticize',뉴이스트 (NU`EST),205972,2021
55,NCT 2018 EMPATHY,NCT,199062,2021
56,THE ALBUM,BLACKPINK,190729,2021
57,BORDER : DAY ONE,ENHYPEN,189832,2021
58,화양연화 Young Forever,방탄소년단,186595,2021
59,WINGS,방탄소년단,184418,2021
60,YOU NEVER WALK ALONE,방탄소년단,184398,2021
61,1ST ALBUM PART 1 [The Awakening: Written In The Stars],CRAVITY,181291,2021
62,RUMINATION,SF9 (에스에프나인),179581,2021
63,NOIR - The 2nd Mini Album,유노윤호 (U-KNOW),178643,2021
64,BLOOD MOON ,원어스(ONEUS),177877,2021
65,HIDEOUT: BE OUR VOICE - SEASON 3.,CRAVITY,176511,2021
66,Like Water - The 1st Mini Album,웬디 (WENDY),172598,2021
67,화양연화 pt.2,방탄소년단,166566,2021
68,STEREOTYPE,STAYC(스테이씨),166529,2021
69,minisode1 : Blue Hour,투모로우바이투게더,161879,2021
70,3RD ALBUM `An Ode`,세븐틴,153073,2021
71,2nd Album [Game Changer],골든차일드,148177,2021
72,Atlantis - The 7th Album Repackage,샤이니 (SHINee),147023,2021
73,"그리움, 아낌없이 주는 나무",정동원,144576,2021
74,MUST,2PM,143480,2021
75,Advice - The 3rd Mini Album,태민 (TAEMIN),136370,2021
76,WAW,마마무 (Mamamoo),135165,2021
77,riBBon,뱀뱀 (BamBam),134845,2021
78,화양연화 pt.1,방탄소년단,132293,2021
79,We Boom - The 3rd Mini Album,NCT DREAM,129803,2021
80,Dystopia : Road to Utopia,드림캐쳐,129797,2021
81,[Summer Holiday],드림캐쳐,129715,2021
82,[&],이달의 소녀,128517,2021
83,BAD LOVE - The 1st Mini Album,키 (KEY),128448,2021
84,IN生,Stray Kids (스트레이 키즈),125570,2021
85,"O! RUL8 ,2?",방탄소년단,125217,2021
86,DEVIL,원어스(ONEUS),123380,2021
87,DARK&WILD,방탄소년단,122505,2021
88,Skool Luv Affair,방탄소년단,121285,2021
89,KILL THIS LOVE,BLACKPINK,120001,2021
90,2 Cool 4 Skool,방탄소년단,115160,2021
91,LOVE or TAKE,펜타곤 (PENTAGON),114355,2021
92,VOICE : The future is now,VICTON (빅톤),114245,2021
93,NCT RESONANCE Pt. 2 - The 2nd Album (KiT),NCT,114093,2021
94,5th Mini Album [YES.],골든차일드,113966,2021
95,GO生,Stray Kids (스트레이 키즈),113463,2021
96,The Blowing,하이라이트(Highlight),111968,2021
97,..선물,이찬원,111817,2021
98,Dear OHMYGIRL,오마이걸 (OH MY GIRL),111804,2021
99,SUMMER POPUP ALBUM [POPPING],온앤오프 (ONF),111696,2021
100,PAGE,강승윤,111497,2021
